email_id,subject,snippet,label
194c1d2dd2bd7f82,ğŸŠ 83% OFF AI Learning For Life â€“ Gone Soon!,"Claim it before the lanterns go out! ğŸ® Hi copper, Lunar New Year fun isn&#39;t over yet, but this offer ends soon! ğŸ”¥ Lock in lifetime access to AI-powered English learning today â€“ and let your speaking",spam
194b295544ff1905,Just 2ï¸âƒ£ days left ğŸ Lifetime Access Awaits: 83% OFF!,"Build speaking skills that last forever Hi copper, With just 2 days left to bid the Dragon goodbye, it&#39;s time to embrace the Year of the Snake with a fresh start. Seize this offer and get endless",spam
194afa0eab2e76a4,Men's Beauty for copper,15 Cute and Easy Hairstyles for Long Hair That Will Make You Shine hair â˜€ï¸ 15 Cute and Easy ... 15 Cute and Easy Hairstyles for Long Hair That Will Make ... hair â˜€ï¸ hair â˜€ï¸ Top 30 Trendsetti... Top 30,spam
194a930cea6ad626,Celebrities for copper,kate moss white dress ğŸ† tyla met gala adriana lima ğ–˜ğ–ğ–’ğ–”ğ–“ğ–Š&#39;ğ–˜ ğ–—ğ–ğ–”ğ–™ â˜†! Zendaya Wears Bey... Zendaya Wears BeyoncÃ©&#39;s First BET Awards Dress on the Red... These Are The Bes... These Are The Best,spam
194a76b7fb5c2c08,ğŸ ELSA Welcomes You Back with Exclusive Gift!,"60% OFF Gift Inside! Hi copper, We haven&#39;t heard your awesome voice on ELSA in the past week, and we wanted to check in and see how you&#39;re doing. We know it is hard to keep up at times, and the",spam
194a147a80cc81b6,We'd love some feedback from you,"ACI Learning Hi copper, We appreciate you being a customer with us, and we&#39;d love to get some feedback from you in the survey below. How likely are you to recommend us to family and friends? 0 1 2",spam
194a02d02cc8b73e,Skin for copper,"ğŸ€ Not a big request Close-Up of Young... Close-Up of Young Boy S Mouth and Nose Stock Image - Imag... ğŸ€ ğŸ€ 8 Ways to Tighten... 8 Ways to Tighten Neck Skin for Smooth Results, According... Not a big",spam
1949e007e47512e9,ğŸ’« It's Your Lucky Day â€“ Lifetime Access 83% OFF!,"Don&#39;t miss this limited-time deal to shine forever! Hi copper, This Lunar New Year sweep away doubts and excuses and light up your Englishâ€¦ FOREVER! Unlock endless access to ELSA AI and start",spam
1949d1eabe62b7a1,50% OFF Gift Inside! ğŸ â¡ï¸,"50% OFF! Huge Savings, More Learning! Hi copper, We haven&#39;t heard your awesome voice on ELSA in the past week, and we wanted to check in and see how you&#39;re doing. We know it is hard to keep up",spam
194892a076c0ea8a,ELSA is blue to see you leave the Premium family ğŸ¥º,"We&#39;d love to have you back! Hi copper, We&#39;re sorry to see you go, but we appreciate you trying ELSA Premium. We&#39;re always looking to improve, and your insights are invaluable. Could you",spam
19483a307df0a94f,Hair Care for copper,ğŸŒ¹ beach girl Curly Highlights ğŸŒ¹ ğŸŒ¹ See more Are you interested in this topic? Hair Care Hair Care Interested No Thanks Help Center Â· Privacy Policy Â· Terms &amp; Conditions Â· Unsubscribe from emails,spam
19477b0eb2bc23ea,Level up your DSA skills in 90 days with JavaScript,"Tree-t yourself to some DSA in JavaScript If it&#39;s been on your mind, this is your sign to start today! Structured Learning Carefully curated 60+ Hour of Content and 200+ industry-specific problems",spam
19472563ed87ebcf,"More related to ""What are some good English-language comedy movies?""",I&#39;ll list the movies which I&#39;ve seen and think have a good feel good factor 1. Yes man 2. It&#39;s kind of a funny story 3. 17 again 4. The way way back 5. Post its - it&#39;s a short movie,spam
194708924a92e1e2,What I Learned from Coaching 60 Clients This Year,"What I Learned from Coaching 60 Clients This Year By Amit Patel, Career Coach Í Í Í Í Í Í Í Í Í Í Í Í Í Í Í Í Í Í Í Í Í Í Í Í Í Í Í Í Í Í Í Í Í Í Í Í Í Í Í Í Í Í Í Í Í Í Í Í Í Í Í Í Í Í Í Í Í Í Í Í Í Í",spam
1946bcf09ccc1fc6,Upskill in Data Analytics Close to Home and Get 90% Refund!,Want to grow your career without emptying your wallet? We&#39;ve cracked the code! Introducing Complete Data Analytics Program and our iconic Three 90 Challenge â€” where you complete 90% of the course,spam
19464bcb333f78ca,"copper, you'd vibe with this",Bounce Back with Curly Clip In Hair Extensions Dark Sable Twists are the Best Fall Colors to Dye Your Hair Black Women 2023 Goddess Collection (D) (Unframed) Black Art Prints Black Love Art Black Love,spam
1945e78d2eed1662,New match: Intermediate QA Tester at Live Nation,"Welcome to the Jungle logo There are new jobs matching your search preferences, Coppwe! Live Nation Entertainment events promoter and producer Intermediate QA Tester Toronto Robinhood Commission-free",spam
194582f238b7ef4d,[Action Required] Confirm Your Email!,"Thanks for signing up ELSA! Thanks for signing up ELSA! You&#39;ve signed up for emails from ELSA. That&#39;s awesome! You&#39;re one step closer to receiving the latest updates, pronunciation tips and",spam
1944df1e7985b3aa,Become Data Certified along with 90% refund,We have processed 5 Cr+ refunds â€”What&#39;s Stopping You from getting yours? Still unsure where to begin? We&#39;ve got your back. Introducing Data Analytics Course and our iconic Three 90 Challengeâ€”,spam
1944df1a3edfd1e9,Become Data Certified along with 90% refund,We have processed 5 Cr+ refunds â€”What&#39;s Stopping You from getting yours? Still unsure where to begin? We&#39;ve got your back. Introducing Data Analytics Course and our iconic Three 90 Challengeâ€”,spam
1944dd1d06ec092c,Ace DSA with Python & get 90% Refund!,5 Cr+ in refunds processed - because we believe in returning both confidence AND cash! Ready to claim yours? Ever wondered why DSA feels overwhelming? Let our founder Sandeep Jain guide you through,spam
1944dd1d01e3f708,Ace DSA with Python & get 90% Refund!,5 Cr+ in refunds processed - because we believe in returning both confidence AND cash! Ready to claim yours? Ever wondered why DSA feels overwhelming? Let our founder Sandeep Jain guide you through,spam
1944d344634f43b8,Become DSA Master with 90% refund,5 Cr+ in refunds processed - because we believe in returning both confidence AND cash! Ready to claim yours? Ever wondered why DSA feels overwhelming? Let our founder Sandeep Jain guide you through,spam
1944204f9aa56897,The Three 90 Challenge Returns,Already in Three 90? We appreciate your dedication! Not joined yet? Start the Three 90 Challenge today and we&#39;ll help you focus and improve your coding skills in the next 90 days. Thousands of,spam
1944204f93c5d2e3,The Three 90 Challenge Returns,Already in Three 90? We appreciate your dedication! Not joined yet? Start the Three 90 Challenge today and we&#39;ll help you focus and improve your coding skills in the next 90 days. Thousands of,spam
1943b887ed824ef5,Portrait Photography for copper,"Laura Harrier Septum Jewelry with Moonstone, Peridot, Garnet or TurquoiseâœSacred Septum Jewelry wi... Septum Jewelry with Moonstone, Peridot, Garnet or Turquoi... Laura Harrier Laura Harrier See more",spam
19437be8f1b6c172,The Three 90 Challenge Returns,Already in Three 90? We appreciate your dedication! Not joined yet? Start the Three 90 Challenge today and we&#39;ll help you focus and improve your coding skills in the next 90 days. Thousands of,spam
1941ca0fb58dc0c7,"copper, you have a good eye","Alika Kundai Embracing Natural Beauty: A Captivating Portrait of Voluminous, Wavy Dark Brown Hair Luxury Series Layered Cut Glueless Wigs Honey Blonde Mixed 13x4 Straight Lace Front Wig manifestation",spam
1941a7a5be25981b,Exclusive Offer: Your New User Coupon is Ready to Use!,"Exclusive Offer: Your New User Coupon is Ready to Use! Welcome to the TeraBox family! We are thrilled to welcome you as a new user of TeraBox. To help you get started, we&#39;ve prepared an exclusive",spam
19416603735bb2f8,New match: Software Developer at Robinhood,"Welcome to the Jungle logo There are new jobs matching your search preferences, Coppwe! Robinhood Commission-free stock trading platform Software Developer Toronto Lyft Ride sharing company Software",ham
19414e4485484a63,"ğŸ’¬ copper, add Suman Limbu - Computer Specialist",Electronics &amp; Communication Engineer l Í Í Í Í Í Í Í Í Í Í Í Í Í Í Í Í Í Í Í Í Í Í Í Í Í Í Í Í Í Í Í Í Í Í Í Í Í Í Í Í Í Í Í Í Í Í Í Í Í Í Í Í Í Í Í Í Í Í Í Í Í Í Í Í Í Í Í Í Í Í Í Í Í Í Í Í Í Í Í,spam
19412540a57d772e,Inspired by copper,Love the Look?Mslynnhair Your New Hairstyle is waiting! Get Yours Now! The Time Machine by HG Wells Audiobook 10 Hours 37 Minutes Love the Look?Msl... Love the Look?Mslynnhair Your New Hairstyle is,spam
1940ff38ab619b01,Final hours - Briefs Pro Promotion,Just a friendly reminder that our Briefs Pro promotion will be ending in a few hours (11:59pm PST). So if you&#39;re interested in financial education and our investing research - now is the time to,spam
1940bff7551a48e0,Collection of Full Stack Articles for Devs!,Delve into Full Stack Articles And Enhance Your Development Skills Facebook Twitter Instagram Write to us: courses@geeksforgeeks.org Coding is not my cup of tea. so I&#39;ll Unsubscribe,spam
19408c3b08d52e86,The Best C and C++ Articles for you!,Delve into C and C++ Articles And Deepen your Programming Knowledge Facebook Twitter Instagram Write to us: courses@geeksforgeeks.org Coding is not my cup of tea. so I&#39;ll Unsubscribe,spam
1940426a6c863162,Top Python Articles for you!,"Learn Python Today, Achieve Greatness Tomorrow! Facebook Twitter Instagram Write to us: courses@geeksforgeeks.org Coding is not my cup of tea. so I&#39;ll Unsubscribe",spam
194004d42708d216,"copper, this could be your vibe",hairstyles to do with goddess box braids Urban Graffiti Style Portrait - Digital Download - Black Woman with Blue Scarf hairstyles to do ... hairstyles to do with goddess box braids 25 Gorgeous Hairs..,spam
193ff030bcfd8ba2,Special announcement!,"You ask, we deliver! After a week full of learning, we&#39;ve had tons of requests for more investing tips. Well, we have good news! Briefs Pro is our premier investing research and education platform.",spam
193fda4ea8cdff77,Santa's DSA Favorites | No Runtime Errors Here!,Learn from Santa&#39;s Top-Secret DSA Collection Merry Christmas! Facebook Twitter Instagram Write to us: courses@geeksforgeeks.org Coding is not my cup of tea. so I&#39;ll Unsubscribe,spam
193f99e967236e3a,Get the most value out of Immitracker by adding in your case!,"Get the most value out of Immitracker by adding your case! It only takes ONE minute to add your case details to Immitracker, then the benefits keep flowing. - Unlock a dozen possibilities for better",spam
193f99e91a7f14d0,Get your questions answered in our supportive immigrant community!,"Did you know that Immitracker has a free supportive community? Going through the visa and immigration process can feel isolating. Here&#39;s an easy way to connect with people just like you, who are",spam
193f893eb12ebb8a,"copper, you have a good eye",English vocab learning ğ“‚ºğŸ’š ğ“‚ºğŸ’š ğ“‚ºğŸ’š English vocab learning English vocab learning See more Was this email useful? Yes No Based on your activity Help Center Â· Privacy Policy Â· Terms &amp; Conditions Â·,spam
193f354d673caacc,ğŸ¦ The year of the Fed. ,"The Fed gathered a lot of interest in 2024, so we&#39;re recapping its influence on the US economy. â€Œ â€Œ â€Œ â€Œ â€Œ â€Œ â€Œ â€Œ â€Œ â€Œ â€Œ â€Œ â€Œ â€Œ â€Œ â€Œ â€Œ â€Œ â€Œ â€Œ â€Œ â€Œ â€Œ â€Œ â€Œ â€Œ â€Œ â€Œ â€Œ â€Œ â€Œ â€Œ â€Œ â€Œ â€Œ â€Œ â€Œ â€Œ â€Œ â€Œ â€Œ â€Œ â€Œ â€Œ â€Œ â€Œ â€Œ â€Œ â€Œ â€Œ â€Œ",spam
193ea6935661b92f,[2/5] Let Your Money Make You Money,"Hey there! It&#39;s day 2 of Financial Education Week! Today, we&#39;re diving into how you can grow your wealth by investing your money. Here&#39;s what&#39;s on the agenda: The secret to building",spam
193e5437588d0818,[1/5] How To Get So Rich You Never Worry About Money Again,"Hey there! Welcome to our crash course on investing &amp; financial education! We&#39;re thrilled to have you join the Market Briefs family, so we&#39;ve put together a special email series just for",spam
193e41f29a475103,ğŸ¥– Endless profits?,"Darden Restaurants (Olive Garden, Longhorn Steakhouse) is seeing more hungry customers come through the door â€Œ â€Œ â€Œ â€Œ â€Œ â€Œ â€Œ â€Œ â€Œ â€Œ â€Œ â€Œ â€Œ â€Œ â€Œ â€Œ â€Œ â€Œ â€Œ â€Œ â€Œ â€Œ â€Œ â€Œ â€Œ â€Œ â€Œ â€Œ â€Œ â€Œ â€Œ â€Œ â€Œ â€Œ â€Œ â€Œ â€Œ â€Œ â€Œ â€Œ â€Œ â€Œ â€Œ â€Œ â€Œ â€Œ",spam
193e25dabe43e10f,We're thrilled you're here!,"Hello Briefer :) You&#39;re probably wondering what &quot;Briefs&quot; you just signed up for. Every morning, we&#39;ll send you a brief breakdown of what&#39;s happening in the financial markets. In 5",spam
193ddab3a4de49e8,"More related to ""Why is Nescafe more popular than other coffee brands like Maxwell House or Folgers?""",Coffee can help people feel less tired and increase energy levels. That&#39;s because it contains a stimulant called caffeine and antioxidants.â€” the most commonly consumed psychoactive substance in the,spam
193d6c729caa5d00,"ğŸ¡ London homes, just for you",One more step. Finish booking your stay in London Airbnb logo. Airbnb logo. The door&#39;s still open on your search. The door&#39;s still open on your search Still thinking about London? We think you,spam
193d11c1f936719c,"Developers, Are You Falling Behind? The AI Tools You Canâ€™t Afford to Ignore","Must-Know AI Tools for Developers: Why Replit, Cursor, Pythagora, and Bolt Are Game-Changers Í Í Í Í Í Í Í Í Í Í Í Í Í Í Í Í Í Í Í Í Í Í Í Í Í Í Í Í Í Í Í Í Í Í Í Í Í Í Í Í Í Í Í Í Í Í Í Í Í Í Í Í Í Í",spam
193ce453d4f4949e,New match: Technical Support Engineer at Rootly,"Welcome to the Jungle logo A new job matches your search preferences, Coppwe! Rootly Incident management platform Technical Support Engineer Toronto See all top matches Receive these notifications:",ham
193c5cba34fb5808,â° Tick Tock! 30% Off Ends in Two Days!!â€¯Â ,"Save on Your Annual Plan! ACI-Logo_Color-3 Dec_Gift_600x250_EMAIL 2-1 Hi copper, Your journey to success is waiting. Will you take the next step? Your trial was just the beginning! Imagine what you can",spam
193be9a6a66c700b,We'd love some feedback,"ACI Learning Hi copper, We appreciate you being a customer with us, and we&#39;d love to get some feedback from you in the survey below. How likely are you to recommend us to family and friends? 0 1 2",spam
193b185c661c41ca,Get the most value out of Immitracker by adding in your case!,"Get the most value out of Immitracker by adding your case! It only takes ONE minute to add your case details to Immitracker, then the benefits keep flowing. - Unlock a dozen possibilities for better",spam
193acf9bdc7ec990,Episode 3: What should I be doing with my career?,Watch now (10 mins) | Check your Parachute? Í Í Í Í Í Í Í Í Í Í Í Í Í Í Í Í Í Í Í Í Í Í Í Í Í Í Í Í Í Í Í Í Í Í Í Í Í Í Í Í Í Í Í Í Í Í Í Í Í Í Í Í Í Í Í Í Í Í Í Í Í Í Í Í Í Í Í Í Í Í Í Í Í Í Í Í Í Í Í,spam
193a8bea8c25d8ae,"ğŸ’¬ copper, add MacDonald Akaolisa","Marketing Specialist at Trumankis Inc | Business Analyst | B2B and B2C Selling. | Web Optimization, Search Engine Optimization, and Social Media Marketing Expert. Í Í Í Í Í Í Í Í Í Í Í Í Í Í Í Í Í Í Í",spam
193942526b03174c,"ğŸ’¬ copper, add Kenneth Dupuis",Human Resources Coordinator Í Í Í Í Í Í Í Í Í Í Í Í Í Í Í Í Í Í Í Í Í Í Í Í Í Í Í Í Í Í Í Í Í Í Í Í Í Í Í Í Í Í Í Í Í Í Í Í Í Í Í Í Í Í Í Í Í Í Í Í Í Í Í Í Í Í Í Í Í Í Í Í Í Í Í Í Í Í Í Í Í Í Í Í Í Í Í,spam
1938d784943dae31,Get your questions answered in our supportive immigrant community!,"Did you know that Immitracker has a free supportive community? Going through the visa and immigration process can feel isolating. Here&#39;s an easy way to connect with people just like you, who are",spam
19384b26651bc1b1,"ğŸ’¬ copper, add Asia Jabarkhil",Attended University of Peshawar Í Í Í Í Í Í Í Í Í Í Í Í Í Í Í Í Í Í Í Í Í Í Í Í Í Í Í Í Í Í Í Í Í Í Í Í Í Í Í Í Í Í Í Í Í Í Í Í Í Í Í Í Í Í Í Í Í Í Í Í Í Í Í Í Í Í Í Í Í Í Í Í Í Í Í Í Í Í Í Í Í Í Í Í Í,spam
1937977e6056f36a,Same-day e-transfer deposits,"Same-day e-transfer deposits easyfinancial Services to me When banks aren&#39;t an option, we can help you get the money you need, when you need it most Same-day e-transfer deposits When banks aren",spam
19378de4ca7dc87a,Get the most value out of Immitracker by adding in your case!,"Get the most value out of Immitracker by adding your case! It only takes ONE minute to add your case details to Immitracker, then the benefits keep flowing. - Unlock a dozen possibilities for better",spam
19373c17fce1951e,the United States is still waiting...,"Find homes that check all your boxes Airbnb logo. Airbnb logo. If you&#39;re still thinking about the United States, you&#39;ll definitely want to check out these homes based on your search. Guest",spam
193701b05e987837,"ğŸ’¬ copper, add Nicolas Arias Lopez",Entrepreneur | Network Architecture &amp; Security | Senior Software developer. Í Í Í Í Í Í Í Í Í Í Í Í Í Í Í Í Í Í Í Í Í Í Í Í Í Í Í Í Í Í Í Í Í Í Í Í Í Í Í Í Í Í Í Í Í Í Í Í Í Í Í Í Í Í Í Í Í Í Í Í Í,spam
193662dd511500e8,"copper, shop smarter with Google this Black Friday",Make the most of Black Friday with these helpful tips â€Œ â€Œ â€Œ â€Œ â€Œ â€Œ â€Œ â€Œ â€Œ â€Œ â€Œ â€Œ â€Œ â€Œ â€Œ â€Œ â€Œ â€Œ â€Œ â€Œ â€Œ â€Œ â€Œ â€Œ â€Œ â€Œ â€Œ â€Œ â€Œ â€Œ â€Œ â€Œ â€Œ â€Œ â€Œ â€Œ â€Œ â€Œ â€Œ â€Œ â€Œ â€Œ â€Œ â€Œ â€Œ â€Œ â€Œ â€Œ â€Œ â€Œ â€Œ â€Œ â€Œ â€Œ â€Œ â€Œ â€Œ â€Œ â€Œ â€Œ â€Œ â€Œ â€Œ â€Œ â€Œ â€Œ â€Œ â€Œ â€Œ â€Œ â€Œ â€Œ â€Œ â€Œ,spam
193644e6a11e77ea,More the United States homes this way ğŸ‘‰,"Other guests love these homes Airbnb logo. Airbnb logo. If you&#39;re still thinking about the United States, you&#39;ll definitely want to check out these homes based on your search. Guest favorite",spam
193623ca97c0c113,DSA Self Paced: LOWEST PRICE EVER!,"Hey geek, Before 2024 comes to a close, we&#39;ve got one more surprise for you up our sleeves- GeeksforGeeks Winter Carnival! Benefits of getting this ticket today: Enrol in DSA Self Paced Course at",spam
19360a585c843adc,"copper, add Michael Young - Junior Business Analyst ğŸ’¬",Business Owner at mydesign Í Í Í Í Í Í Í Í Í Í Í Í Í Í Í Í Í Í Í Í Í Í Í Í Í Í Í Í Í Í Í Í Í Í Í Í Í Í Í Í Í Í Í Í Í Í Í Í Í Í Í Í Í Í Í Í Í Í Í Í Í Í Í Í Í Í Í Í Í Í Í Í Í Í Í Í Í Í Í Í Í Í Í Í Í Í Í,spam
1934c0cc5ce2a185,"copper, add Mansi Solanki: 2 connections ğŸ’¬",Attended Fanshawe College Í Í Í Í Í Í Í Í Í Í Í Í Í Í Í Í Í Í Í Í Í Í Í Í Í Í Í Í Í Í Í Í Í Í Í Í Í Í Í Í Í Í Í Í Í Í Í Í Í Í Í Í Í Í Í Í Í Í Í Í Í Í Í Í Í Í Í Í Í Í Í Í Í Í Í Í Í Í Í Í Í Í Í Í Í Í Í Í,spam
19337d9f297e3381,Security alert,"A new sign-in on Windows coppersmith32@gmail.com We noticed a new sign-in to your Google Account on a Windows device. If this was you, you don&#39;t need to do anything. If not, we&#39;ll help you",ham
193326a958858844,Security alert,"A new sign-in on Apple iPhone coppersmith32@gmail.com We noticed a new sign-in to your Google Account on a Apple iPhone device. If this was you, you don&#39;t need to do anything. If not, we&#39;ll",ham
1931c481e198b6ae,More Toronto homes this way ğŸ‘‰,"Other guests love these homes Airbnb logo. Airbnb logo. If you&#39;re still thinking about Toronto, you&#39;ll definitely want to check out these homes based on your search. Guest favorite Room in",spam
192f5fc7a9f7075c,New match: Technical Support Advisor at Ada,"Welcome to the Jungle logo There are new jobs matching your search preferences, Coppwe! Ada Chatbot AI customer experience solution Technical Support Advisor Salary: $70-94K Toronto Robinhood",spam
192f353383f69083,Here's $8,"Substack is covering the cost of your first paid month of CareerClaw - Career Clarity, Career Mastery. by CareerClaw - Resume Writer. Í Í Í Í Í Í Í Í Í Í Í Í Í Í Í Í Í Í Í Í Í Í Í Í Í Í Í Í Í Í Í Í Í Í",spam
192e5ae1edc7b215,7 Car Features You Shouldn't Spend Extra On,"Sorry, but massaging seats are awful... AutoTrader.ca 7 of the Most Overrated Car Features From sunroofs to massaging seats, don&#39;t waste your money on these features. View More Ford Designs Free",spam
192e551d014d71ee,Last call: 2 free months of Premium. $12.69/mo. after. Cancel anytime.,Terms apply. New to Premium only. Don&#39;t miss this chance to try 2 free months of Premium. $12.69/month after. Cancel anytime. Hurry and grab this limited time offer. Listen to music ad-free and,spam
192e3bd1dafe6fcc,Are You Ready to Hack Your Career with Naval's Wisdom?,Do you really know Naval Ravikant? #navalravikant His #careerinsights Í Í Í Í Í Í Í Í Í Í Í Í Í Í Í Í Í Í Í Í Í Í Í Í Í Í Í Í Í Í Í Í Í Í Í Í Í Í Í Í Í Í Í Í Í Í Í Í Í Í Í Í Í Í Í Í Í Í Í Í Í Í Í Í Í Í,spam
192d44d518894ecf,Episode 2: What exactly is the 2-Hour Job Search?,"Listen now (10 mins) | Be a Detective, Not a Tourist. Network Like a Human Being, Not a Robot. Í Í Í Í Í Í Í Í Í Í Í Í Í Í Í Í Í Í Í Í Í Í Í Í Í Í Í Í Í Í Í Í Í Í Í Í Í Í Í Í Í Í Í Í Í Í Í Í Í Í Í Í Í",spam
192d413845f370af,Wonder what your car is worth?,"Get an offer in minutes â€” plus, enjoy these benefits. Four reasons to sell with Clutch. Í â€Œ Í â€Œ Í â€Œ Í â€Œ Í â€Œ Í â€Œ Í â€Œ Í â€Œ Í â€Œ Í â€Œ Í â€Œ Í â€Œ Í â€Œ Í â€Œ Í â€Œ Í â€Œ Í â€Œ Í â€Œ Í â€Œ Í â€Œ Í â€Œ Í â€Œ Í â€Œ Í â€Œ Í â€Œ Í â€Œ Í â€Œ Í â€Œ Í",spam
192cf9e41841ffba,1 month of offline listening with Premium for $0 CAD,"Listen to music no matter where you go. Get Spotify Premium. Keep the music playing anywhere Take your favorite songs off the grid. With Spotify Premium, download and keep listening to music offline.",spam
192c172342b2f1ff,Ferrari Debuts the World's Wildest PHEV,Who said hybrids were boring and slow? AutoTrader.ca New 1200-HP Ferrari F80 Will Cost About $4 Million Leave it to Ferrari to make the most bonkers plug-in hybrid the world has ever seen. View More,spam
192b4632dd30ff91,"So good, it's scary. 2 free months of Premium, then $12.69/mo after. Cancel anytime.","Terms apply. Listen to your favorite songs offline and without hearing ads. The cards have spoken: 2 months of Premium for free, then $12.69/mo after. Cancel anytime. Get personalized recommendations",spam
192ae7bf9a2af4a1,Final Reminder: Join Job-A-Thon 38 Now!,The day you&#39;ve been waiting for is here. It&#39;s Job-A-Thon today! More than 400 geeks have been successful in getting offers from the GfG Job Portal in the last 4 weeks. And 250+ out of them were,spam
192ade375a55f785,New match: Software Engineer at Lyft,"Welcome to the Jungle logo There are new jobs matching your search preferences, Coppwe! Lyft Ride sharing company Software Engineer (Insurance, Server) Toronto Tonal Electromagnetic home gym Backend",spam
192abe4b8b1332cb,Episode 1. What is ATS Friendly Resume and How to Create one?,Listen now (8 mins) | What is ATS Friendly Resume and How to Create? Í Í Í Í Í Í Í Í Í Í Í Í Í Í Í Í Í Í Í Í Í Í Í Í Í Í Í Í Í Í Í Í Í Í Í Í Í Í Í Í Í Í Í Í Í Í Í Í Í Í Í Í Í Í Í Í Í Í Í Í Í Í Í Í Í Í,spam
192aab76c37be6a5,Enjoy 1 month of ad-free music listening for $0 CAD,Turn on nonstop music listening. Get Spotify Premium. Get 1 month of ad-free music listening with Spotify Keep the party going with ad-free music listening on Spotify Premium. GET 1 MONTH FOR $0 CAD,spam
1929d26cfeedd7f7,Tesla Unveils Autonomous Robotaxi and Robovan,Investors weren&#39;t impressed. AutoTrader.ca Tesla Stock Drops After Robotaxi and Robovan Debut The &quot;fully autonomous&quot; Robotaxi has no steering wheel and will be able to charge wirelessly.,spam
1929adb796353c23,Open if you dare. Get 2 free months of Premium. $12.69/mo after. Cancel anytime.,"Terms apply. Listen to music offline anytime, anywhereâ€”let the cards guide your tunes. Get the most out of Spotify with 2 months of Premium for $0, and $12.69/mo after. Cancel anytime. Enjoy ad-free",spam
19289d6c4ea7ddf5,New match: Customer Support Engineer at Fivetran,"Welcome to the Jungle logo There are new jobs matching your search preferences, Coppwe! Fivetran Data integration solutions Customer Support Engineer Salary: $70-84K Toronto Fullscript Digital health",spam
192780c7c304d618,Here's How AI Might be Used in Your Next Car,"AI is here to stay... AutoTrader.ca AI Will Likely Be in Your Next Car Whether you like it or not, AI is shaping up to be a gamechanger for cars. View More Cybersecurity in Cars: The Risks and How to",spam
1926d9dc4c2811d3,Itâ€™s Cybersecurity Awareness Month - stay safer online with these Google features,Strengthen your online security with these tips from Google â€Œ â€Œ â€Œ â€Œ â€Œ â€Œ â€Œ â€Œ â€Œ â€Œ â€Œ â€Œ â€Œ â€Œ â€Œ â€Œ â€Œ â€Œ â€Œ â€Œ â€Œ â€Œ â€Œ â€Œ â€Œ â€Œ â€Œ â€Œ â€Œ â€Œ â€Œ â€Œ â€Œ â€Œ â€Œ â€Œ â€Œ â€Œ â€Œ â€Œ â€Œ â€Œ â€Œ â€Œ â€Œ â€Œ â€Œ â€Œ â€Œ â€Œ â€Œ â€Œ â€Œ â€Œ â€Œ â€Œ â€Œ â€Œ â€Œ â€Œ â€Œ â€Œ â€Œ â€Œ â€Œ â€Œ â€Œ â€Œ â€Œ â€Œ â€Œ,spam
1926d4dc18a8f2cf,Choosing Between Money and Passion at Work,"When it comes to your career, which path do you believe is more beneficial? Í Í Í Í Í Í Í Í Í Í Í Í Í Í Í Í Í Í Í Í Í Í Í Í Í Í Í Í Í Í Í Í Í Í Í Í Í Í Í Í Í Í Í Í Í Í Í Í Í Í Í Í Í Í Í Í Í Í Í Í Í Í Í",spam
1926cfff0dd4abfc,"Tired of Saying ""Sorry""?",Enrich your vocabulary with Cambly&#39;s newest feature. Enrich your vocabulary with Cambly&#39;s newest feature Tired of repeating the same old phrases or apologizing because you can&#39;t find the,spam
1925c5190dee53ff,Security alert,"A new sign-in on Apple iPhone coppersmith32@gmail.com We noticed a new sign-in to your Google Account on a Apple iPhone device. If this was you, you don&#39;t need to do anything. If not, we&#39;ll",spam
19253fc0fddc830f,The Most Beautiful Cars in History  ... All in One Place,Exhibit celebrates when cars become art... AutoTrader.ca &#39;When Cars Become Art&#39; Exhibit Showcases the Most Beautiful Cars in History Autoworld is a finely curated love letter to inspiring,spam
192367a0a292bb51,Ready to stop overspending on textbooks? Finish signing up,Access over 1 million books for the price of a single book with Perlego - your online university library. â€Œ â€Œ â€Œ â€Œ â€Œ â€Œ â€Œ â€Œ â€Œ â€Œ â€Œ â€Œ â€Œ I think you forgot something ğŸ‘‹ We couldn&#39;t help but notice you,spam
1923664f8ccc5595,Smart enough to make the right choice?,"copper, ready to take your coding skills to the next level? Enroll in the DSA in Python Self-Paced Course and build a rock-solid foundation in Data Structures and Algorithms at your own pace. Perfect",spam
192364dd10886a8e,Thank You for Downloading Exterro FTK Imager,"Hi copper, Thank you for downloading FTK Imager 4.7. In case you didn&#39;t receive the link, click here to start the download immediately. MD5 is: 9b2aff0559976cf518cfc03b76498296 See the links below",spam
192305afeafc0dd2,Can an EV Handle One of Canada's Most Epic Road Trips?,A 300-km trip filled with highs and lows... AutoTrader.ca Can an EV Tackle Cape Breton&#39;s Cabot Trail? We took a Chevrolet Blazer EV on this 300-km journey and tried to do it on a single charge.,spam
1922f83425ff4cd1,How to Edit Your Resume Quickly for Maximum Impact for ATS and Hiring Managers,When it comes to quickly editing your resume for maximum impactâ€”both for Applicant Tracking Systems (ATS) and human readersâ€”focusing on a few key sections can make all the difference. Here&#39;s how to,ham
1922f23a3486e783,"Relax with a free month of Premium, $10.99 CAD/mo. after. Cancel anytime","Terms apply. New to Premium only. Welcome to total relaxation. Get 1 month free, $10.99 CAD/mo. after Cancel anytime. Terms apply. New to Premium only. TRY PREMIUM After a long day, all you want to do",spam
